{"cameraMode":{"drawMode":0,"name":"Shaded","section":"Shading Mode"},"sceneLighting":false,"audioPlay":false,"sceneViewState":{"m_AlwaysRefresh":false,"showFog":true,"showSkybox":true,"showFlares":true,"showImageEffects":true,"showParticleSystems":true,"showVisualEffectGraphs":true,"m_FxEnabled":true},"in2DMode":false,"pivot":{"x":-260.5622253417969,"y":120.11421203613281,"z":-1254.181396484375},"rotation":{"x":0.0008997488766908646,"y":0.002682616701349616,"z":-0.000022974050807533786,"w":1.0000265836715699},"size":7.514441013336182,"orthographic":false}