{"cameraMode":{"drawMode":0,"name":"Shaded","section":"Shading Mode"},"sceneLighting":false,"audioPlay":false,"sceneViewState":{"m_AlwaysRefresh":false,"showFog":true,"showSkybox":true,"showFlares":true,"showImageEffects":true,"showParticleSystems":true,"showVisualEffectGraphs":true,"m_FxEnabled":true},"in2DMode":false,"pivot":{"x":-175.24819946289063,"y":-112.21743774414063,"z":-454.0966491699219},"rotation":{"x":0.03655237331986427,"y":-0.04822533577680588,"z":-0.0017878009239211679,"w":-0.9981845021247864},"size":9.55130672454834,"orthographic":true}